38326;2269;120.42;18
14416;3272;73.24;12
37759;1076;48.31;18
43403;2500;378.57;12
17605;2041;98.90;7
35631;3050;296.83;18
44090;866;139.76;18
34243;1461;159.60;18
29369;2808;403.62;7
40414;3504;336.12;12
43840;2542;162.77;18
12299;3135;18.84;18
30724;2017;257.74;18
49366;644;27.29;7
22631;2438;420.46;12
36377;3441;68.94;7
36969;1645;254.41;12
18562;2651;252.20;18
45900;2528;342.33;18
16790;2302;58.69;18
28535;3777;234.99;18
38625;837;274.00;7
37531;2216;358.38;12
41164;2917;106.43;12
46205;3590;13.27;12
32540;1036;53.54;7
21523;936;236.72;18
25695;2117;167.72;12
12945;3070;146.58;7
48177;958;224.68;7
13772;3386;389.37;18
13378;1726;227.85;18
22254;2222;426.06;7
16670;299;312.63;18
40904;3287;19.28;18
32886;3295;91.57;7
47578;3462;89.09;18
37275;2567;321.28;18
41038;3463;362.89;18
37399;207;141.74;12
10924;2736;213.56;12
17597;3595;33.10;12
24785;1044;421.25;18
48971;1047;330.43;18
34358;233;5.86;7
44299;1841;214.93;12
39194;2853;301.47;18
10994;319;246.06;7
35663;1382;368.85;7
16759;2796;389.71;12
23886;2466;339.83;7
23117;3202;167.08;7
10830;3557;196.57;12
34735;3760;105.08;7
11853;1652;357.02;12
17109;3493;392.14;7
29879;1277;65.74;7
36264;805;350.57;18
17742;2685;290.15;18
18061;2211;170.76;18
14728;1257;39.37;18
49929;133;200.95;18
14209;2272;206.72;7
11156;203;421.89;18
13048;2725;71.47;12
11344;783;129.39;12
25467;3278;414.64;18
21676;871;354.41;12
38514;1436;231.53;12
24635;1395;133.20;7
41447;1065;17.55;18
27447;2601;323.57;12
19528;2758;230.91;7
27612;1654;120.62;18
47344;1299;82.13;12
27959;2086;173.60;7
25561;3573;329.14;7
15688;2601;189.47;12
26463;252;77.13;12
44443;1615;77.20;12
14598;2305;87.76;18
49351;3454;418.06;18
34417;3212;66.55;12
31541;991;433.47;12
40536;1235;212.36;7
19092;3040;261.63;7
29699;3148;7.55;7
34000;2576;351.33;7
25307;869;382.01;12
40419;32;243.15;7
11748;3186;83.97;18
35754;1569;274.77;12
45838;286;42.78;18
46304;558;346.07;12
24276;3259;253.50;18
45777;273;370.02;12
37157;307;215.31;7
12765;748;334.14;12
48451;2137;379.82;12
12930;866;230.64;18
49165;1291;241.60;12
27660;2634;171.14;18
29937;1370;410.93;7
18597;950;151.28;7
45009;1112;332.06;7
20644;2030;351.02;7
18004;2065;1.83;18
20195;3641;246.46;12
45832;725;185.61;7
33196;2541;426.95;18
41449;2057;97.02;18
35029;2426;68.56;7
40427;2735;273.36;7
39254;2108;399.45;18
22553;104;8.93;7
23244;2471;166.08;18
38704;1446;261.78;18
18014;1290;233.67;7
10973;1164;348.96;7
40352;3397;148.25;18
15819;1266;164.59;18
38670;663;117.92;7
46217;3414;425.64;18
39793;485;286.26;7
43292;1548;121.79;7
46383;1517;207.00;18
40671;444;220.54;7
12607;1074;210.49;18
38039;3034;47.87;12
44035;1000;285.65;7
15194;2655;173.01;12
18928;812;403.76;12
48121;2571;360.07;7
28392;2646;298.78;7
15413;822;390.68;18
34798;1227;277.81;18
10422;1282;294.37;12
34697;2402;230.78;18
44437;941;4.24;12
16066;616;141.15;7
34071;904;23.19;12
25213;2561;356.68;18
20213;1918;181.86;7
12914;667;218.76;12
15957;2063;231.69;12
45380;3422;2.06;7
18128;2877;158.24;12
13004;825;104.46;12
12865;1373;28.65;7
48110;3726;430.59;7
44317;3080;243.06;18
19296;3004;216.88;18
24098;1586;116.68;18
10415;59;57.38;7
29869;1483;344.96;12
32549;3430;126.61;12
19715;2419;296.28;12
40447;969;413.78;18
13608;3032;35.98;7
29329;2992;43.56;7
41309;2719;385.62;18
29154;1687;27.03;18
37998;1168;80.45;12
37389;3223;193.88;7
20571;3033;114.87;7
30738;2892;279.56;7
42429;1338;410.51;12
12394;3794;240.69;12
49806;1911;213.34;7
16840;2838;52.37;7
37269;2407;28.98;18
15855;822;397.38;18
35104;555;347.65;18
39826;1426;350.31;7
21920;2014;247.20;7
49770;45;286.94;18
26144;3438;114.84;12
19553;1903;244.44;12
33982;1326;18.88;7
17115;3259;118.35;18
44064;1312;136.43;18
11161;2482;319.32;18
25608;206;210.99;12
25268;150;115.53;18
43473;2256;271.62;7
12117;2198;434.03;7
44952;2684;431.64;12
30793;1096;374.19;12
14993;2195;187.21;12
16756;3696;428.26;7
33510;1463;284.94;7
27050;183;174.26;7
38254;2762;164.01;18
18743;2949;218.32;7
36175;362;99.27;7
48169;691;103.39;7
19811;500;435.57;12
49087;3386;6.11;12
18336;1958;264.28;18
22452;3542;190.29;18
38591;3460;277.22;18
25860;2246;347.35;12
16519;1357;186.86;12
45509;1008;131.48;12
43393;3131;192.90;12
13360;1885;239.21;7
20669;1449;233.53;7
16292;3159;222.68;18
45530;744;71.47;12
10393;3570;159.07;18
13021;1227;420.59;18
29224;1635;412.74;7
23076;3700;414.57;7
37634;2650;52.77;18
24042;2689;333.66;18
37327;1581;192.35;18
46469;1687;305.20;18
39455;2301;70.33;18
40056;1080;263.69;7
19524;2930;54.07;18
45473;324;241.36;12
14196;3738;79.91;12
36573;1659;146.85;12
21630;539;297.69;12
42226;488;316.82;12
42514;2921;105.54;12
35035;861;125.91;7
20828;2931;25.50;18
35026;3322;271.57;7
34186;914;77.23;18
27340;2094;305.85;7
35211;2753;164.21;7
44702;2314;63.10;18
16702;2786;130.72;12
22522;1828;134.38;12
14603;596;395.22;12
45247;3193;94.15;12
40794;1761;212.24;18
20315;1507;30.21;18
30981;980;418.68;7
20355;2621;35.28;7
20080;514;117.06;7
10250;2251;157.85;18
12725;3022;129.83;12
12551;1634;60.87;7
30333;435;56.05;18
45080;3742;307.87;7
48292;3050;105.82;7
20957;2577;230.14;7
21412;218;8.32;18
28478;2808;238.23;18
17645;80;426.80;7
19724;3546;434.99;18
25148;1835;400.64;7
46380;1863;201.44;12
14172;1745;162.48;12
30131;392;337.22;18
36696;652;214.91;7
11778;1702;269.43;18
33097;469;61.08;18
47405;2894;211.16;7
38791;1764;26.61;12
42165;3235;355.53;12
26571;3174;212.31;12
39180;248;374.11;18
41363;1817;90.51;12
29246;1135;61.37;12
20984;47;123.22;12
32414;828;127.46;18
15123;397;401.50;18
45649;970;408.20;18
45458;3459;298.73;12
15335;3706;118.37;7
41623;457;62.40;18
10310;2961;26.64;12
47880;3113;37.73;18
46742;2903;8.28;12
45767;3037;282.04;7
45635;267;184.63;18
16637;784;356.62;18
25026;2462;208.36;7
10932;2988;193.94;12
46736;854;50.75;7
14927;3473;203.88;12
25887;974;168.05;12
33550;2796;190.83;12
32529;717;338.25;7
16112;2557;249.58;12
46541;839;430.73;12
36740;2684;431.76;7
18332;1904;271.90;7
38342;3654;266.86;12
40288;3470;121.10;18
11356;1795;344.88;7
26055;1507;142.71;18
33570;510;73.21;7
19303;156;152.29;7
41995;1375;382.68;7
43290;50;265.34;12
43338;1277;390.16;12
14825;3204;126.95;7
27304;1971;101.95;12
38542;3223;40.75;7
28077;2823;262.57;7
43389;2905;166.81;12
24419;3419;10.15;12
12866;2693;317.00;7
27768;2439;313.43;12
20712;1173;363.63;12
25958;1419;266.69;12
44963;324;294.32;7
10695;809;72.39;12
23572;743;242.61;18
48602;3164;244.44;12
27574;3375;428.54;12
17296;2242;426.12;12
17332;2413;58.44;12
30491;2453;392.32;7
28514;2078;136.17;7
25697;344;399.18;12
12191;2290;150.45;12
44452;3534;7.29;12
10279;3365;351.53;18
18305;318;168.70;12
26963;370;368.88;12
44216;3113;270.01;12
43159;2063;348.27;7
32367;1997;394.32;7
35099;1719;102.41;12
39771;1607;287.90;7
27173;873;122.81;7
47188;1336;106.34;7
21702;440;279.01;12
23661;1056;149.53;12
20499;2355;47.33;12
25215;614;27.31;12
22462;2400;177.74;7
43573;3139;319.72;7
33677;3542;79.80;12
16951;2976;304.48;18
41615;2640;124.08;18
48456;3787;235.61;18
43959;229;313.61;12
19708;3768;177.01;18
20710;118;275.27;7
42253;1458;388.36;12
42010;945;123.62;7
32375;755;12.50;7
41948;3228;159.51;7
48784;2277;214.87;18
46162;2048;210.17;7
10288;374;43.84;12
48548;187;159.09;18
34193;904;59.49;18
13218;309;414.57;12
24047;467;433.08;7
36948;3377;98.22;7
25402;2418;108.40;7
23269;3236;27.97;12
36499;115;235.05;18
18707;2126;336.53;18
18967;1633;179.62;7
10896;3755;102.29;18
21709;462;281.35;18
25416;995;147.79;12
23112;3682;406.51;18
12542;863;241.58;12
12603;762;382.24;7
21805;3177;116.00;12
38689;1772;209.45;7
19423;1299;257.63;7
11109;3758;97.61;7
27010;520;68.62;7
17924;1560;288.67;12
35067;298;131.96;18
32069;60;76.12;7
27616;1512;383.01;12
17632;870;40.53;12
36386;2820;309.15;18
32696;1755;5.52;7
16373;481;387.16;12
20472;1484;234.29;7
41029;1064;60.40;18
30373;1618;186.15;18
25658;1250;400.31;7
30470;17;381.31;7
42295;46;345.81;7
40527;824;299.49;12
10726;3015;100.37;18
15864;1292;82.01;7
21794;606;119.70;7
32118;267;304.33;7
16427;2709;413.55;18
22321;1414;341.70;7
17231;3689;301.47;7
30656;123;306.00;12
25727;2639;176.12;12
44931;3019;6.58;18
32413;3278;146.58;7
45932;2045;395.45;7
49526;3438;95.24;18
23600;2246;250.38;18
12168;2659;32.95;12
47594;2909;271.18;12
37117;2160;13.37;18
13475;2442;287.43;18
33525;136;48.10;12
37134;543;277.02;12
18646;949;52.01;12
40189;36;136.22;12
17914;3382;320.24;12
27203;1263;294.61;18
29844;687;369.44;12
32506;3146;154.54;12
21382;3389;180.07;12
13233;216;97.83;18
35782;3328;415.74;7
32710;2554;390.36;18
27418;1484;379.21;12
27531;3270;350.70;18
44746;1450;192.89;18
11075;2290;114.15;7
34206;2975;251.34;7
11286;1524;204.76;7
44996;1932;215.57;12
37727;2898;18.04;12
43769;726;233.04;18
13838;2998;340.44;12
32664;2118;382.44;18
23373;2131;421.10;12
26015;896;240.58;18
33640;3083;374.46;18
41981;950;354.54;7
22886;124;13.54;12
33422;2145;417.52;18
43571;740;286.86;12
30534;1881;405.43;18
49644;1705;300.91;12
41367;1458;320.18;7
47316;2888;254.26;12
46070;1944;164.84;7
32671;3484;316.64;18
34003;1017;97.08;12
47556;900;110.45;18
33427;1302;83.70;12
33104;3127;237.39;18
33520;1427;250.52;18
46253;1076;54.40;7
22890;3378;281.73;12
10850;3279;90.91;12
39692;2003;134.64;7
44520;3032;115.24;7
27634;3154;346.21;7
11528;1468;195.44;12
28730;612;335.31;7
36535;3071;279.82;18
12263;3087;8.06;7
44099;2911;264.37;12
45717;3006;60.52;7
34991;3718;108.26;18
30261;3615;416.39;18
48947;916;316.39;18
18544;659;224.42;12
38747;2811;68.91;12
22285;3020;48.05;7
43052;3408;420.60;12
20400;2320;20.89;7
43648;2525;248.62;7
16109;256;349.66;12
47620;3564;43.97;12
14087;3457;137.11;7
46045;2031;10.54;7
32095;2755;284.11;18
41658;1383;159.93;12
11609;952;427.12;12
37506;2025;113.93;18
21127;2030;301.94;7
15643;1611;353.24;7
49791;2474;267.40;18
26211;1604;350.15;12
24527;1629;358.65;7
41055;3601;322.50;12
29102;3401;117.98;7
27412;29;193.95;18
39334;293;35.93;7
29732;2950;432.18;12
14025;2038;149.79;18
25994;3780;425.14;7
38005;2699;91.00;18
23974;2344;367.73;12
23714;374;363.74;12
29689;2136;263.97;18
24378;2506;53.83;12
13551;1319;73.91;12
31132;3664;388.02;12
11459;1521;216.67;7
22501;2104;92.05;18
16822;375;78.00;7
29086;786;262.35;7
10777;1650;144.20;18
13127;2854;318.77;12
39146;3115;81.17;7
13493;1811;11.74;18
32626;3376;323.60;18
40686;1423;340.21;7
20094;2049;289.05;7
27727;2823;220.28;18
11061;136;229.19;18
34494;2511;169.09;18
42152;642;332.89;18
49651;1351;246.50;12
15356;2213;388.62;12
32390;3050;108.23;12
17201;589;30.42;18
23440;779;419.70;7
41961;2626;53.16;12
46007;1151;203.22;18
45519;598;77.25;18
42543;1010;109.26;18
22155;3295;122.63;18
48572;1810;102.75;12
31317;884;195.86;7
29146;2919;353.44;18
46317;3512;4.85;18
26422;846;116.15;12
25194;346;257.06;18
39438;1838;84.96;7
11248;960;286.29;12
49024;3640;343.98;12
47750;2953;278.29;7
16882;3037;363.71;7
36996;1483;150.96;7
26332;3582;276.06;7
44676;770;316.45;7
38088;2871;350.50;7
44191;1889;418.33;18
48302;255;50.52;12
10153;2555;381.22;7
39954;3261;5.20;18
26419;2077;57.65;12
45939;916;183.04;18
29975;3759;402.39;7
22710;2606;62.52;7
45366;84;350.91;18
20433;3234;90.01;12
34801;1506;104.02;7
38012;1224;129.19;7
22290;3715;336.52;7
12023;3658;26.71;12
26933;1979;331.15;7
45522;1149;22.12;12
33658;1741;332.66;12
16454;1780;158.11;18
33718;1810;20.43;18
45137;346;284.74;18
48530;2477;96.85;7
41250;2311;307.22;7
18962;2521;418.18;12
33432;2163;296.42;7
13152;35;277.99;12
35714;1815;412.61;18
26705;1904;335.56;18
16365;3699;385.18;18
44435;3772;146.34;12
45753;2246;163.67;18
28647;2834;413.93;12
10107;283;145.28;18
36792;2731;372.61;7
37155;275;386.85;12
30759;237;196.84;12
46087;800;326.46;12
15878;844;428.36;7
19511;26;414.48;12
13381;1033;264.23;18
47806;3622;113.94;7
43843;1525;386.61;12
18592;3026;103.36;12
15332;3416;134.52;7
36846;1047;387.65;7
33395;1643;284.48;18
21043;2188;97.88;12
18654;1409;179.15;12
23186;3112;102.18;18
11035;2201;27.63;7
47237;530;250.73;7
37763;2427;345.43;7
17240;720;57.45;12
15250;2292;316.26;12
27744;897;294.67;7
27526;713;355.07;12
19422;845;294.19;7
39126;1593;203.71;12
37407;2319;39.11;18
41165;3688;284.03;7
22097;2472;373.67;18
39227;76;431.78;12
33035;3149;169.31;12
44531;1818;311.04;7
19202;1971;361.20;12
28259;1419;223.52;12
43957;612;374.57;7
18199;1218;5.79;12
45802;985;42.66;12
28003;1655;208.17;7
22916;1613;247.88;18
31686;3798;108.83;7
29023;77;259.55;18
15894;2992;277.16;12
21491;57;83.89;7
42270;2800;126.00;7
41506;873;327.93;7
32889;2486;280.23;7
48948;2288;46.78;12
20755;1530;302.22;18
10964;3300;366.62;12
36644;3688;246.17;12
25337;293;181.31;18
17768;512;378.43;12
46817;2276;163.37;12
28542;2766;34.19;18
17268;2090;104.62;18
49794;2876;223.50;12
18108;963;340.30;18
35237;2652;314.48;18
25623;2231;374.25;7
46434;690;322.12;12
26811;1552;394.35;18
36046;458;177.11;18
49727;734;25.52;7
10390;660;368.05;7
42033;3477;247.85;18
39678;708;414.67;12
30145;1660;9.19;7
20403;260;280.14;7
38048;1826;130.24;18
31170;126;250.78;12
30644;3487;19.77;12
43762;1813;243.61;7
15108;3441;92.23;7
35356;116;275.82;7
34378;3499;175.43;7
42085;1985;221.32;18
45922;14;400.00;18
16375;3013;380.72;18
23170;103;254.78;7
10972;2614;235.48;7
33440;2961;77.78;18
33483;3394;380.92;18
38376;93;58.34;18
43597;1029;357.81;7
34605;1908;270.17;12
40016;1484;238.28;18
34198;2564;182.48;7
28046;2556;73.16;18
24601;1485;428.81;7
12075;3546;163.62;7
12883;711;386.76;7
10083;2788;379.73;7
34972;333;311.43;18
43394;522;169.18;18
35543;2330;96.40;7
31241;2846;43.52;12
26331;2450;76.82;18
10618;2976;430.50;18
19736;1062;394.83;7
38764;1817;59.24;18
29525;267;372.07;18
48037;2380;434.26;7
40162;1622;82.48;12
16640;1584;357.87;12
18453;1282;105.43;18
23618;3748;110.64;7
13936;531;157.22;12
15632;1567;318.36;18
17451;3273;202.69;7
26327;1931;264.65;7
37520;1320;256.51;7
18279;187;423.47;12
14068;1600;381.94;7
45929;2430;408.00;12
31499;3603;201.91;18
16288;1257;2.05;18
36417;481;161.24;12
48415;1018;52.20;12
23912;3631;112.92;18
49799;3055;358.88;12
12134;3677;107.88;7
43827;1531;216.72;18
33269;2384;342.63;7
25936;3029;432.10;12
46224;611;118.61;12
24475;1586;135.13;12
32667;1911;58.22;18
16684;183;157.31;12
23578;736;183.45;18
33240;1575;289.91;18
39222;1296;169.33;18
45987;2970;73.71;7
30628;2975;276.33;18
10640;3400;40.34;18
24764;905;329.52;7
26691;3565;411.93;18
36688;2334;17.12;18
27190;1118;301.43;7
14102;3657;278.32;7
15504;580;248.48;18
32882;3657;126.84;12
45426;1259;383.53;7
43716;1432;133.03;7
39529;426;429.63;18
10005;1249;384.17;18
45318;101;56.58;12
19245;1210;400.44;18
30798;841;103.47;7
26246;2143;309.00;18
11039;453;131.26;12
31642;2890;336.03;18
13747;3454;24.00;18
25485;968;285.19;12
24805;3295;148.55;7
41938;3304;354.90;12
43372;3429;33.86;12
26158;3294;258.79;12
38097;193;238.03;12
31007;1412;287.79;18
23012;2437;334.19;12
42666;895;88.26;18
35158;3339;155.19;18
36426;1430;157.03;12
43495;2392;93.64;18
11475;1233;177.66;12
45967;306;203.79;18
14154;3800;262.48;12
35529;922;399.76;12
20138;400;42.73;12
31250;569;264.64;12
47687;3026;396.54;7
23037;3114;83.97;12
45060;3684;233.39;18
38323;1352;200.89;18
49040;765;345.64;7
22917;96;250.71;12
34812;3589;377.70;7
27981;2759;83.37;7
14486;559;68.31;12
49873;2199;255.68;7
49421;2714;378.37;12
45560;467;195.46;7
23400;1390;142.53;7
10421;395;146.80;7
15238;510;241.21;7
33653;3372;25.07;12
46759;993;22.77;18
43250;3033;351.04;12
12571;2506;370.12;18
18291;3732;48.62;7
28219;3556;207.06;7
48630;1955;208.08;12
30823;2043;264.88;18
45355;1608;251.32;7
27608;2578;218.05;12
28425;1145;2.85;7
26560;3170;325.40;18
15105;3389;391.63;18
15739;2612;155.50;12
17377;3681;42.92;18
31307;1814;22.49;7
44569;2843;254.26;12
20886;3306;26.72;7
38477;2999;21.71;12
13531;1521;121.98;18
30830;2594;32.29;12
37092;2650;182.89;7
25702;3342;279.06;7
41722;3415;55.45;12
22641;1408;57.70;7
19634;3272;278.15;18
28010;2176;105.38;18
14589;1447;34.48;7
18181;1635;42.59;12
11111;1033;296.23;12
12092;3793;341.00;18
37183;3342;39.55;12
38357;647;232.71;7
43988;85;150.26;18
33939;711;61.79;7
37072;2486;223.91;18
39911;3303;306.18;18
16015;2731;186.77;12
42470;2454;319.14;12
37324;598;153.81;18
16653;2645;250.85;12
21311;3541;224.86;18
25788;1329;120.36;7
25052;2623;149.42;7
39385;570;101.80;12
30286;3143;53.98;7
10047;211;296.92;7
45402;1918;403.08;18
18430;1678;65.20;7
34528;2056;74.81;12
24129;1439;65.38;18
49673;2270;250.58;7
25597;821;375.93;12
12635;1032;219.79;7
40402;2598;206.61;7
11974;3494;240.86;12
14921;3291;337.11;7
32518;1902;222.08;18
33307;285;278.94;12
23990;481;329.47;18
19536;2949;194.87;12
15178;744;167.74;18
44780;1464;28.91;18
28907;1716;359.68;12
39329;1778;140.44;12
16173;16;207.21;18
25840;1515;4.24;12
31818;3293;55.58;7
42389;706;36.96;7
19442;3558;1.89;12
37868;2271;44.90;12
49414;3096;12.85;12
30189;2869;67.26;18
12840;3223;76.40;7
10916;338;291.22;18
14665;17;385.10;12
33383;2668;405.42;12
44233;3333;377.55;12
26335;87;50.88;7
32251;2138;147.80;18
19266;2196;141.21;18
39942;599;330.19;12
13379;2472;100.10;7
40916;1697;414.34;12
24376;2894;216.06;12
35503;2809;262.96;18
14100;1363;7.17;18
32191;1521;34.79;18
15511;9;239.47;7
12599;159;39.96;12
47041;3024;332.71;7
23462;3035;205.30;12
22583;2292;106.77;12
44220;2611;149.03;12
32546;1294;358.56;18
30695;309;359.71;12
26911;2643;379.58;12
38585;1353;343.42;7
40251;397;308.31;12
38119;2522;383.81;7
31618;2910;337.37;12
23489;3739;324.41;18
39122;2101;302.30;7
28598;2092;108.33;7
49146;3685;209.23;12
22654;265;79.88;18
22724;1311;406.31;18
24756;2579;142.48;7
20044;2232;99.81;18
29375;712;193.87;18
42463;563;185.65;7
20071;1497;211.27;12
17953;515;184.98;18
37580;283;390.82;18
32051;968;267.47;7
45590;3124;57.89;18
38636;86;313.46;12
48440;1446;244.81;12
40437;2521;168.17;18
10730;1936;305.36;18
35007;1956;316.93;18
16897;2373;102.46;7
25508;792;72.03;7
17132;3332;123.69;7
14394;257;13.76;7
31621;2236;198.77;7
41376;873;381.91;7
31242;3095;434.18;18
36497;3433;197.64;18
10466;3237;14.13;7
36617;41;94.75;7
29813;3761;234.31;12
12852;3261;161.12;18
40134;2050;292.87;7
42486;3405;139.68;18
17139;1519;55.68;18
26101;1590;22.94;12
32937;1149;35.84;18
14743;1248;380.12;7
40685;1284;298.44;18
39229;3200;233.91;18
44716;1546;82.37;7
39262;1150;169.96;7
10103;3389;78.84;18
18590;377;117.64;18
11135;3262;193.33;12
41463;97;240.84;7
49261;488;303.89;18
22531;2298;41.91;18
17226;1366;375.41;12
36173;3651;17.91;12
23041;3401;177.44;7
29332;485;398.43;18
32951;1145;282.21;7
19846;534;81.99;18
32885;1947;136.54;12
40834;2202;159.13;12
17463;2606;23.66;18
20426;2016;132.94;7
43324;1674;200.74;12
29436;879;350.62;18
45472;1954;236.80;12
37174;1865;363.97;12
47375;2092;60.33;7
44425;3320;81.36;12
35021;8;72.54;12
49566;2644;108.11;7
28515;2711;44.19;7
12941;909;289.39;12
48944;753;272.34;12
23267;3067;398.57;12
22805;3129;350.42;18
42954;2268;306.33;7
28051;1244;230.21;12
48233;462;206.52;12
48918;2407;227.55;18
14227;3008;189.69;18
45765;3504;125.52;12
17861;2941;101.21;18
20776;2615;34.05;12
33298;2940;183.13;12
38859;1418;49.93;7
37459;541;216.66;12
11849;807;407.24;12
11335;1188;314.69;18
22822;2424;391.65;7
38868;436;4.04;7
41663;183;61.09;7
24671;90;429.03;18
40720;2697;394.06;7
13631;2646;341.98;7
46532;1720;75.87;12
47624;1743;248.71;12
47577;2748;372.77;7
28676;1108;45.67;7
12819;1836;296.74;18
23677;2175;20.74;7
21061;1214;336.23;12
26988;1153;371.59;18
13574;366;397.07;7
32581;2180;336.00;12
46592;1761;367.73;7
25946;608;433.32;12
40230;1191;420.22;7
28178;1122;237.93;7
38504;1254;407.48;12
36720;2936;15.25;12
34170;1647;305.64;18
29845;1867;58.71;7
32621;337;231.98;18
29850;231;392.25;12
25118;2013;85.93;12
10289;2167;152.08;7
27151;2991;345.12;18
44849;1150;167.51;18
17306;3354;42.32;12
39277;3627;168.20;7
22703;2178;269.99;18
35751;2352;275.87;12
25679;847;49.02;7
28655;3645;288.14;7
25861;3040;206.95;12
41229;3216;396.47;18
41884;3009;228.09;18
49804;2468;186.41;7
16213;319;30.34;12
33417;370;287.27;18
11671;2100;314.03;12
43697;2689;408.47;7
15722;2099;164.82;18
45395;2175;204.37;18
32772;1687;388.91;18
34932;3004;275.40;7
11930;3513;43.57;12
35386;3051;280.05;7
13671;284;78.75;18
45111;12;143.39;18
49826;370;88.19;12
46941;2251;162.53;18
46591;3104;341.52;12
38908;62;64.77;7
12135;1371;377.63;18
44685;1481;353.80;7
26076;2839;17.31;7
10193;1606;416.13;12
38069;767;27.58;12
30791;603;378.24;12
18409;1264;21.28;12
11078;3520;150.48;18
42021;2235;345.11;7
17258;2700;425.41;7
30052;436;271.67;12
23352;1669;305.21;12
30710;1869;139.61;7
27684;3247;92.48;18
37298;1392;227.29;7
19231;1280;157.20;7
23034;746;401.85;7
44120;1210;373.46;18
18747;917;107.24;18
14872;268;225.57;12
36026;2314;286.29;18
24393;3318;363.82;12
13112;2859;169.70;12
23368;3454;350.12;12
44056;2205;71.49;18
33856;2913;322.27;18
27051;3800;211.20;12
24801;1604;54.11;7
46147;3033;418.16;12
34370;2358;204.54;7
36772;1778;224.71;18
12154;2218;147.20;7
44762;462;301.72;12
49622;3285;5.82;7
19229;2161;101.69;18
35363;1909;331.00;12
33892;1517;45.76;7
17225;3542;312.40;18
17819;696;62.82;7
30425;3559;67.00;7
19039;2747;19.46;12
22214;1632;43.41;12
28611;2214;258.02;18
23669;1101;239.26;7
47630;1026;419.80;18
23394;3744;157.74;7
21701;1907;428.08;18
37570;2785;141.94;18
18505;2813;255.48;12
10381;775;351.78;7
24787;2797;56.49;12
39586;2054;16.57;18
27403;2348;420.90;7
36960;1072;67.24;18
20693;6;263.19;12
22834;1855;71.09;7
36440;328;246.97;18
30586;2021;112.84;18
12907;1321;102.97;18
14022;615;432.26;12
41464;879;58.25;12
17173;668;231.99;7
30902;1221;214.21;18
42106;2717;422.48;12
12470;2846;374.55;7
32378;209;173.03;12
26120;3193;370.05;7
18908;920;97.03;12
46894;1348;272.34;7
16521;2552;395.19;18
12626;3355;350.86;12
20536;3554;35.90;7
34527;2273;228.63;12
25212;3305;85.95;12
32732;3781;346.66;12
26218;1440;95.99;18
46881;341;68.53;7
46550;1689;219.61;18
13006;1281;56.82;18
18454;2181;385.94;18
32505;11;288.27;12
38193;1129;159.35;12
12734;2173;43.42;12
36307;958;229.46;18
20185;3250;70.25;12
11406;1165;309.70;12
35662;3130;352.19;7
22299;3222;86.98;7
34511;1992;152.07;7
44672;1532;161.69;7
12737;1879;416.29;12
42219;2479;382.26;12
41672;1358;179.96;7
12413;272;330.43;12
45812;1969;374.76;7
12158;3267;250.78;7
21907;2711;128.58;7
23149;2589;206.89;12
37131;3549;245.28;7
35957;2348;72.34;12
21572;1746;421.64;12
18932;1086;288.34;18
36367;1964;205.19;12
17508;1488;360.37;18
31343;3001;35.45;12
47082;1267;33.83;7
22773;3421;190.03;18
30216;650;418.86;7
30369;2161;409.67;18
17779;2834;183.20;7
11149;2012;267.23;7
47076;1833;66.01;7
34699;1365;354.95;18
17436;757;412.57;7
38640;2745;238.98;18
27064;1082;290.25;18
26732;2317;315.39;18
33928;940;380.57;18
32127;713;336.09;12
17774;3519;377.01;12
38606;1454;394.60;7
23322;1173;320.09;18
11092;2903;343.61;18
34307;1098;399.06;18
24938;768;37.86;18
30805;789;305.33;18
40472;124;86.33;18
12239;1163;392.42;7
40878;2583;297.03;18
19169;3686;290.30;12
37856;3320;147.39;18
21591;1314;194.95;18
17802;39;209.65;7
46907;305;320.85;7
26889;2763;226.96;18
12833;2351;410.98;12
22143;2503;149.88;18
32208;2281;171.64;12
43850;2863;122.52;7
44875;3444;283.25;18
48079;1414;74.00;7
14638;3747;109.98;12
20545;1968;178.39;12
48546;2584;339.28;18
46575;1598;291.61;12
41349;3380;123.78;7
23598;1348;350.43;12
17432;3015;403.25;18
26206;1497;237.41;7
25340;2174;110.14;18
42703;2114;427.86;12
26369;1436;183.70;12
34461;426;202.38;18
16056;115;115.62;7
31227;550;233.99;7
36634;2722;385.11;18
46140;1892;208.57;12
29753;1608;246.50;18
31616;732;306.35;12
16404;3371;424.39;18
24914;2440;35.68;12
27299;1113;298.89;18
42140;3659;90.15;7
16247;641;84.20;12
25820;1434;354.93;7
22065;2419;165.98;7
24822;1545;84.63;12
23529;3048;316.96;18
36359;2744;273.39;7
11906;1847;50.66;12
26500;1761;352.76;18
36431;765;164.80;18
31194;2183;60.56;12
19449;1342;352.28;7
29134;1115;18.05;12
33443;1102;394.88;18
20229;2560;176.33;18
24979;1083;313.83;7
18671;1800;63.17;12
24940;2070;214.10;7
37164;571;104.26;18
27384;322;69.20;12
31999;869;418.04;12
23363;2120;31.72;12
21628;3211;325.50;7
17625;504;390.89;12
36108;2317;235.08;18
31478;3515;183.39;18
14143;2830;255.16;12
16462;190;327.59;18
17290;876;359.43;12
31198;2903;200.63;7
27235;241;364.94;12
49134;2884;241.58;12
20655;3463;5.30;12
13806;2652;203.38;7
10101;2898;311.50;18
36631;2214;95.10;7
48846;1176;191.73;18
38330;113;161.63;7
38047;1558;286.26;12
15829;1227;18.10;7
16987;1688;407.28;18
13919;3457;345.99;18
31758;2113;205.84;18
36149;2464;243.44;7
15219;2499;158.83;12
25666;2181;109.81;7
19143;1532;125.29;12
26341;3286;206.34;7
12777;2999;171.80;7
11452;2076;61.53;7
12262;2841;119.51;18
18043;1176;378.22;7
47298;1737;220.39;18
40061;2121;251.49;18
39207;108;172.14;7
29069;2475;127.65;7
32675;1330;167.09;12
46744;3288;186.81;18
18183;2487;14.74;18
21601;1327;253.15;18
15110;1553;418.36;12
45766;1184;306.09;12
23808;64;105.52;12
12385;1015;214.70;7
32735;3122;35.95;12
18621;3301;237.57;12
47649;2251;260.77;12
17052;2030;296.76;12
20043;49;210.54;18
10483;269;52.57;12
44306;3057;399.89;12
42567;417;104.10;18
17488;1436;369.90;12
14031;1538;163.67;12
18481;3006;240.66;12
13910;33;430.10;18
42449;2541;24.72;7
35695;264;275.80;18
20275;1207;233.61;18
49932;1041;262.39;12
20578;3064;334.40;18
15592;3125;97.59;7
30851;2853;256.46;18
13568;1220;282.02;12
25031;610;19.84;12
12823;2642;48.25;18
24017;2227;243.78;7
37240;1482;111.66;18
29722;3544;121.46;12
14583;3630;84.37;18
26034;54;356.07;7
48805;1991;154.05;18
38200;136;404.23;7
49025;1456;180.66;18
35560;481;238.06;12
22927;2986;224.76;12
35881;1886;274.89;7
43129;1359;402.29;12
37665;1109;95.90;7
45826;2147;58.96;18
46677;1321;170.87;7
14963;962;147.25;12
10243;678;231.52;18
37628;1961;371.46;18
16049;3003;87.65;7
28005;1398;136.75;12
16993;817;331.04;7
26164;3551;122.19;12
22258;3009;364.02;12
13477;1891;219.62;7
30717;3598;340.84;12
48727;1379;424.88;7
20861;1508;229.66;18
28208;1950;403.82;12
36564;1333;366.02;18
21688;3248;422.87;12
24285;955;68.29;18
15841;555;261.91;18
24216;1200;323.69;12
48148;950;174.68;12
42940;1315;199.34;12
39921;1412;114.75;12
46699;2677;374.50;7
31443;2650;195.50;12
25919;486;206.56;7
13159;2078;151.63;18
32169;3001;282.87;7
16901;1864;7.23;7
37404;638;250.60;18
21687;3686;43.15;18
34081;123;183.64;12
29060;3547;64.78;7
17441;3188;64.66;18
28780;1562;395.04;18
35519;432;53.57;18
19946;512;413.63;7
34685;2030;138.46;7
20599;2937;347.18;18
28706;1726;23.51;18
33054;749;254.76;18
30089;1216;299.82;12
22504;2581;180.19;12
45232;2598;365.10;7
21566;515;39.39;12
32516;2970;242.12;18
12588;1984;162.53;7
47325;3184;425.57;18
29842;2031;28.78;12
17381;225;327.52;18
40898;1163;213.72;12
20680;868;349.64;12
49672;590;395.74;18
34092;2514;232.47;7
47294;1428;329.46;12
10308;1532;285.83;18
26364;3334;406.66;18
24859;2038;236.80;7
23991;3799;155.55;18
13996;1006;187.10;7
23857;2907;34.39;18
43323;3762;402.34;7
27798;402;256.24;18
45305;3597;398.16;12
37001;3708;61.58;7
23628;903;175.59;7
46485;3185;336.15;7
12952;1240;384.87;7
45449;2712;221.67;18
32348;415;287.08;18
28918;2246;149.99;18
34069;13;419.70;18
45323;1932;268.02;18
42176;175;134.70;18
25386;707;183.35;12
47628;3036;429.60;12
16366;706;331.86;12
42274;2777;288.09;18
33175;1678;292.59;18
16963;673;185.56;18
26781;2525;224.47;18
19854;196;281.44;12
49355;3576;183.31;18
10837;872;357.02;12
14585;3247;260.75;7
28125;21;139.95;12
48624;3255;344.06;18
12512;1671;67.63;18
46760;3643;137.85;12
16355;2786;92.52;7
34468;1657;98.23;7
45018;2442;297.47;7
19349;1018;367.56;12
22565;871;184.99;7
30987;691;308.13;12
31866;3317;264.17;18
21262;644;395.78;12
48911;318;272.74;12
34830;2813;202.48;18
24723;2299;235.19;7
11705;292;139.73;12
23535;2590;135.09;18
32888;2685;17.39;12
41178;2194;27.96;7
25343;1425;58.37;18
29444;3473;223.53;12
45823;3413;234.52;12
39971;565;291.31;12
12309;2141;107.96;12
42763;1335;126.37;18
31501;3503;65.02;7
28327;1064;273.78;18
42443;3650;251.60;7
20337;2133;297.47;7
47422;1184;24.64;12
31286;1418;92.26;18
41452;2302;337.72;12
40143;2078;192.82;7
34204;2283;108.00;7
49433;1113;403.34;7
38486;1418;277.11;12
13609;1454;341.73;18
19844;1659;304.42;12
31659;1779;309.65;12
13712;2719;369.85;12
19877;1398;68.76;18
39739;2514;384.70;18
34021;3576;177.12;18
44833;1950;38.71;12
31233;3035;173.69;18
34820;2667;251.41;18
49777;1348;255.58;18
37556;3039;400.64;12
33593;2693;92.90;7
28126;2934;46.70;12
13433;1133;289.13;18
10731;3305;239.66;18
34163;2059;173.27;12
11112;3137;93.37;18
20601;1046;229.12;18
39579;3309;38.67;7
42760;790;189.75;12
30860;787;179.71;12
38053;1893;426.21;7
30634;424;375.36;12
29705;780;425.38;12
15730;1824;97.36;18
39193;2633;63.47;7
26202;3609;207.26;7
27995;1439;432.79;18
26753;2654;355.97;12
22984;1354;193.05;18
18262;3396;108.51;7
18954;3333;85.83;12
13755;2549;397.19;12
30479;297;143.48;12
34483;2653;50.60;7
14614;1154;306.81;7
16796;159;232.10;18
37341;311;279.28;18
30170;2664;82.07;12
47387;1069;74.28;7
39275;1180;193.28;18
37433;1584;342.11;18
24025;3449;115.68;7
21271;401;52.41;7
41056;1238;189.02;18
20170;2605;253.22;7
35882;2467;251.86;7
20508;535;149.17;12
13307;789;8.56;18
49149;34;165.73;18
42648;2079;262.23;7
22220;608;332.97;7
12940;2774;307.19;18
31047;201;283.12;7
18727;1951;371.07;7
32636;3436;175.83;7
17615;2188;366.23;18
23829;512;183.56;18
40788;1419;432.95;7
20172;3668;38.33;18
36990;1302;431.62;12
40786;3243;132.74;18
21586;3688;138.23;12
10786;2055;102.92;7
43042;1440;266.60;12
31490;2151;3.47;12
29071;3219;43.03;12
30400;3483;118.54;18
23621;261;136.23;7
22728;1112;427.47;12
25265;2940;9.77;12
28368;2522;147.28;7
36731;1572;279.56;7
17426;583;130.14;12
34500;720;173.19;18
11732;152;198.81;18
39238;1450;231.56;12
18523;3660;303.50;7
39754;2964;84.63;12
48688;860;292.94;12
40361;959;165.70;7
16819;178;176.78;18
24242;3169;328.76;12
24415;3212;160.24;12
40101;1948;8.82;18
29585;2721;283.92;7
35492;251;140.62;18
47551;1792;286.38;12
17363;2990;75.81;18
22879;1138;325.26;12
20965;1637;20.17;7
17735;528;249.12;18
34182;3205;357.32;18
14962;3680;49.04;18
31453;1419;239.22;7
19278;3077;107.81;18
24939;1439;339.31;12
20029;1741;279.01;18
40815;2839;192.74;18
33194;3199;27.47;18
25834;2463;181.98;18
16639;669;409.38;12
22416;1037;214.39;12
40730;395;54.13;12
12998;2634;193.02;18
22359;413;212.15;7
11090;2335;299.95;7
11470;2448;316.61;18
31101;11;286.25;18
40622;2588;72.80;18
36022;1415;21.30;7
13665;1607;43.16;18
47725;3678;230.50;18
12482;595;29.72;18
23958;791;180.22;12
21222;105;358.89;12
19718;3275;78.11;18
35294;1096;175.21;7
13826;3700;200.64;7
18071;3730;299.01;7
24082;3436;220.44;12
10992;2438;94.96;18
27731;2756;97.22;18
31165;3530;160.97;12
24447;532;258.33;12
13840;405;186.01;12
30159;461;30.10;7
11593;3078;139.80;18
17730;1841;314.43;12
21008;3231;391.52;7
38582;1558;294.60;12
40269;2428;264.54;12
32309;1028;194.17;18
12240;1021;334.60;18
47561;868;240.08;7
13457;3519;429.37;12
43516;1916;328.73;12
30891;3672;85.97;18
41516;1805;340.05;7
45393;156;114.26;18
38435;703;185.30;12
49250;2581;61.26;18
32678;691;82.52;7
30535;2073;124.67;7
29841;2664;200.86;18
33854;1784;45.01;7
13123;3205;241.80;7
41311;558;319.62;12
27281;106;132.91;12
46302;2500;395.73;12
13787;2881;104.39;12
46545;2052;178.63;18
16360;3750;311.53;12
48628;3649;394.64;7
25413;1799;20.22;18
12447;1758;290.88;12
20322;2172;339.82;18
45342;1902;337.03;12
21647;3138;184.67;18
36683;2659;348.18;12
15020;1234;15.98;12
41811;140;352.27;12
17788;1259;3.96;18
38153;1184;11.58;12
36393;2213;431.53;18
16232;2302;128.75;12
41171;1769;429.60;18
36051;583;302.03;7
47015;212;204.96;18
48417;1704;329.47;18
15707;2080;106.11;7
40870;1936;159.90;12
49829;236;45.77;12
20209;2908;332.72;18
12481;553;337.33;7
40291;233;88.89;18
10346;268;107.49;12
33230;2755;90.30;12
24507;898;408.28;7
33217;1285;335.49;18
39929;3322;10.49;12
35228;69;261.70;7
16886;2821;257.94;12
35425;1722;16.24;12
43494;672;323.10;12
24255;3047;232.46;7
25238;3060;358.53;12
48346;3598;115.39;7
23103;2650;390.25;18
38118;3060;222.47;7
12122;3056;314.33;18
21361;2516;65.52;7
47924;2232;44.54;12
10099;519;181.73;7
28274;90;124.97;12
27517;2836;201.91;7
24234;1396;176.12;18
11180;54;398.20;18
35989;878;114.01;18
41158;308;269.09;12
34187;116;266.94;7
35377;876;396.06;12
22516;3109;414.92;18
25228;1240;219.72;18
48462;126;238.97;7
31739;2076;290.42;7
23018;2826;377.86;7
23390;1292;188.87;7
30965;1977;291.53;18
14504;2814;271.65;12
28251;2330;43.91;12
13541;2448;319.97;18
29080;2028;249.80;7
30834;3302;314.48;7
27714;1545;348.16;12
10857;1191;245.96;7
25709;43;408.61;7
13415;321;39.74;12
14085;3635;255.16;7
18058;2401;35.80;12
33521;846;158.63;7
17404;536;177.43;7
44796;3453;261.12;12
12176;1972;278.62;18
23128;3472;318.67;7
43539;3507;379.17;18
14895;2664;301.34;12
35838;1863;104.92;18
31447;3025;66.75;18
46107;3583;388.01;18
26855;3373;329.09;18
10091;1185;427.98;7
19357;2924;431.31;12
38420;1516;310.14;12
26904;943;38.35;7
35513;821;46.75;7
30180;2309;130.19;7
10690;3134;152.60;18
15506;1822;314.66;18
30672;740;71.39;18
18830;3399;56.76;18
32759;3694;413.08;7
23984;2420;303.82;12
35944;438;302.11;12
27699;1497;400.45;18
45626;2562;355.76;18
38592;3420;273.05;12
38117;1470;40.49;12
45911;1129;166.87;18
39460;1960;375.50;7
39906;2491;386.61;12
43813;1864;418.86;18
32595;468;306.85;12
10473;856;309.16;7
43143;1162;317.59;12
31479;5;246.66;7
17018;1821;400.85;12
35689;1637;31.82;7
33489;3092;219.18;18
40366;3511;429.12;18
40428;2798;356.16;7
13214;2386;7.45;7
17045;518;401.83;18
43481;1001;222.69;18
14998;410;40.58;7
24012;3736;210.33;12
13304;2529;360.69;18
40901;2622;391.05;18
15379;2095;35.91;7
27874;341;418.29;12
17029;3305;395.04;7
30217;986;392.88;18
47873;221;203.00;7
19300;1602;274.81;18
47494;3116;41.05;12
38846;142;109.01;7
12211;900;77.87;18
12730;984;245.75;7
32445;1154;336.54;7
38242;3781;48.84;18
35743;1241;130.08;18
33355;3169;368.65;12
35890;2511;341.60;12
26595;1265;208.45;7
25173;1264;87.60;7
31418;784;81.73;7
37055;2686;392.76;12
10959;2688;347.38;18
19192;294;48.45;12
14939;3607;407.78;7
28761;1811;374.89;18
11927;321;88.67;12
24371;1897;413.08;7
19987;3629;124.23;7
47098;587;262.70;12
43392;1899;193.67;18
10111;2556;181.25;7
12792;2369;255.97;18
27534;3370;290.57;12
48970;3520;309.15;7
30632;1769;336.25;7
19626;2712;24.68;18
46682;441;340.20;7
17631;1159;221.45;12
24738;3623;424.25;18
42733;2372;139.43;7
27599;2783;208.58;12
14781;534;322.17;18
16977;2134;279.94;18
32957;2482;139.20;18
47125;3784;4.51;12
28294;2739;206.99;12
36029;785;5.27;12
37490;2127;207.93;12
41392;3027;230.43;12
16102;3113;40.33;7
26200;3155;22.76;12
32360;293;323.46;7
39162;1807;136.60;7
34589;2900;247.54;18
19557;3095;33.81;7
13327;487;42.33;7
48863;114;7.07;12
32077;1880;41.47;12
38264;3276;318.71;7
48076;3293;252.10;12
40239;3368;200.08;7
31675;2030;78.71;18
44537;259;287.81;7
27364;1036;313.77;18
11301;708;397.43;12
17338;23;126.21;7
18370;1025;293.66;12
35750;954;29.11;12
17712;941;109.34;12
17644;1096;273.26;7
16132;832;109.28;12
30673;1443;52.28;18
25968;1815;223.65;12
19041;2744;160.70;18
15552;3697;14.50;7
14089;2038;294.61;18
29726;73;50.27;18
28914;2537;231.52;7
20795;1960;256.55;12
27743;1125;173.48;7
34637;672;149.83;7
45531;3031;123.25;12
37059;586;171.81;12
48214;342;152.59;18
20370;2745;193.23;7
26730;3380;384.52;7
48901;944;253.38;7
32566;3692;301.03;12
36200;1320;25.02;7
35001;5;145.93;7
21758;1831;177.19;12
10008;1697;29.70;18
44482;874;129.81;7
24059;787;218.98;7
18404;537;177.83;18
28197;2681;342.27;12
34552;2777;137.47;18
26763;2268;22.86;12
27267;2587;235.65;7
33605;3578;282.36;18
27591;2267;208.22;12
31340;873;323.00;7
16210;2025;377.63;12
10343;3355;183.63;12
37867;210;370.91;7
45748;2853;132.46;7
47219;2651;42.30;7
39761;2344;244.24;7
18808;1256;98.42;12
27552;1921;144.86;7
49187;1826;148.67;7
35088;3337;135.47;12
14170;986;247.20;7
35555;2675;70.88;7
36324;831;213.17;18
20376;3275;95.76;18
43842;2087;330.99;7
11331;1225;334.82;7
38161;2750;232.49;7
30921;1237;379.53;18
43710;3157;2.32;12
43406;1156;231.26;18
31591;525;122.74;18
44338;2255;388.67;12
38749;454;124.21;7
42728;1515;183.03;18
16789;712;57.26;7
14733;1601;388.98;7
23335;1555;331.35;7
30855;3439;57.59;12
48160;2774;171.39;18
30709;3563;82.51;7
31950;2963;335.06;12
44249;1762;431.31;12
32556;2674;367.46;7
34566;2620;273.06;18
12236;74;309.39;18
24428;3282;169.55;12
46044;3293;267.20;18
49508;459;214.54;18
35953;3543;357.14;12
13514;2198;273.18;7
12700;715;295.24;12
12744;1078;435.81;12
37307;36;149.22;12
48795;2775;109.48;18
10497;81;25.05;7
41189;2574;111.32;18
44636;2113;400.53;18
38011;1351;309.64;18
25336;1784;291.84;18
36240;2126;321.13;12
37030;1096;210.78;18
38470;1096;86.73;12
14301;3099;35.50;7
43020;1964;2.30;7
38146;2044;387.29;7
14659;1800;279.32;7
39213;1224;133.01;7
14850;488;421.98;18
12427;3656;247.79;7
27167;1420;103.87;7
36981;599;109.80;7
17128;596;168.58;18
38316;3204;369.76;12
10503;1884;413.23;12
33566;2719;145.21;7
15221;403;278.30;7
20851;1226;219.92;18
22712;3183;329.29;7
11411;2910;419.35;18
11150;2449;227.46;7
10443;3334;139.65;7
27792;2581;414.10;12
45410;176;240.87;7
24459;3684;254.32;12
16031;2055;28.90;12
30943;1237;275.44;12
48792;3415;214.20;7
37537;1524;28.68;7
12739;1667;198.75;7
21981;2343;122.83;7
35194;1469;189.76;7
28031;621;381.18;7
33912;2888;201.13;12
24372;2405;56.35;18
26087;1154;317.72;12
21239;1607;52.30;7
44518;328;114.87;18
12060;1555;22.83;7
27802;1227;329.01;18
10568;1407;171.98;18
25990;2713;26.58;7
48321;2397;229.45;7
20980;2732;22.15;18
10975;3778;198.06;7
22169;3378;40.57;18
28819;665;222.21;12
39469;1375;140.97;7
41958;154;10.12;12
24739;2727;145.33;12
10156;2597;281.59;12
40207;2750;10.34;7
35468;1807;229.76;12
29056;2176;12.71;18
47868;2857;197.03;7
19704;3521;313.17;12
41232;272;317.97;18
39478;515;222.79;7
27614;1000;326.63;12
49268;2346;123.65;12
27551;2312;242.80;12
42369;1464;159.95;18
49985;3386;147.85;7
11057;1856;360.10;12
41457;2996;205.74;7
19515;1357;120.73;12
23148;3367;108.13;12
14698;2533;193.56;12
15431;2590;118.29;7
16691;2678;201.74;7
15303;2755;410.57;18
17753;2034;308.38;12
15597;1735;352.47;7
17156;2468;248.90;18
12334;397;2.70;7
36817;2827;279.84;12
21864;1649;208.34;12
41764;2705;104.96;12
33656;1776;300.94;7
34211;3488;123.55;18
17739;452;46.33;18
42312;3167;200.65;12
25756;167;316.08;12
16613;3759;404.29;18
34806;3413;287.28;7
26578;1911;354.24;18
15285;1902;223.31;7
29970;2823;377.36;18
28352;413;138.07;18
28039;2182;304.33;12
37811;2290;279.80;18
49525;1849;72.86;7
10075;2485;51.80;7
27132;378;424.77;18
24452;623;219.44;18
19084;716;367.18;18
39219;2065;122.51;18
37541;557;282.80;18
46471;248;14.11;18
49797;1230;347.36;12
24957;356;53.32;18
42777;163;161.01;18
46340;2630;204.23;18
21320;2515;280.91;18
36556;933;398.08;18
